ID	数据域位置	数据变化值
0x12d	0	[]
0x12d	1	[]
0x12d	2	[]
0x12d	3	[]
0x12d	4	[]
0x12d	5	[]
0x12d	6	[]
0x12d	7	[]
0x144	0	[]
0x144	1	[]
0x144	2	[]
0x144	3	[]
0x144	4	[]
0x144	5	[]
0x144	6	[]
0x144	7	[]
0x151	0	[]
0x151	1	[]
0x151	2	[]
0x151	3	[]
0x151	4	[]
0x151	5	[]
0x151	6	[]
0x151	7	[]
0x1c2	0	[]
0x1c2	1	[]
0x1c2	2	[]
0x1c2	3	[]
0x1c2	4	[]
0x1c2	5	[]
0x1c2	6	[]
0x1c2	7	[]
0x1e0	0	[]
0x1e0	1	[]
0x1e0	2	[]
0x1e0	3	[]
0x1e0	4	[]
0x1e0	5	[]
0x1e0	6	[]
0x1e0	7	[]
0x235	0	[]
0x235	1	[]
0x235	2	[]
0x235	3	[]
0x235	4	[]
0x235	5	[]
0x235	6	[]
0x235	7	[]
0x23a	0	[]
0x23a	1	[]
0x23a	2	[]
0x23a	3	[]
0x23a	4	[]
0x23a	5	[]
0x23a	6	[]
0x23a	7	[]
0x248	0	[]
0x248	1	[]
0x248	2	[]
0x248	3	[]
0x248	4	[]
0x248	5	[]
0x248	6	[]
0x248	7	[]
0x25d	0	[]
0x25d	1	[]
0x25d	2	[]
0x25d	3	[]
0x25d	4	[]
0x25d	5	[]
0x25d	6	[]
0x25d	7	[]
0x261	0	['0x51']
0x261	1	['0xd']
0x261	2	[]
0x261	3	[]
0x261	4	['0x2']
0x261	5	[]
0x261	6	[]
0x261	7	['0x85', '0x75', '0x65', '0x55', '0x45', '0x35', '0x25', '0x15', '0x5', '0xf5', '0xe5', '0xd5', '0xc5', '0xb5', '0xa5', '0x95']
0x26f	0	[]
0x26f	1	[]
0x26f	2	[]
0x26f	3	[]
0x26f	4	[]
0x26f	5	[]
0x26f	6	[]
0x26f	7	[]
0x275	0	[]
0x275	1	[]
0x275	2	[]
0x275	3	[]
0x275	4	[]
0x275	5	[]
0x275	6	[]
0x275	7	[]
0x27b	0	[]
0x27b	1	[]
0x27b	2	[]
0x27b	3	[]
0x27b	4	[]
0x27b	5	[]
0x27b	6	[]
0x27b	7	[]
0x287	0	[]
0x287	1	[]
0x287	2	[]
0x287	3	[]
0x287	4	[]
0x287	5	[]
0x287	6	[]
0x287	7	[]
0x28f	0	[]
0x28f	1	[]
0x28f	2	[]
0x28f	3	[]
0x28f	4	[]
0x28f	5	[]
0x28f	6	[]
0x28f	7	[]
0x294	0	[]
0x294	1	[]
0x294	2	[]
0x294	3	[]
0x294	4	[]
0x294	5	[]
0x294	6	[]
0x294	7	[]
0x296	0	[]
0x296	1	[]
0x296	2	[]
0x296	3	[]
0x296	4	[]
0x296	5	[]
0x296	6	[]
0x296	7	[]
0x2a6	0	[]
0x2a6	1	[]
0x2a6	2	[]
0x2a6	3	[]
0x2a6	4	[]
0x2a6	5	[]
0x2a6	6	[]
0x2a6	7	[]
0x2b0	0	[]
0x2b0	1	[]
0x2b0	2	[]
0x2b0	3	[]
0x2b0	4	[]
0x2b0	5	[]
0x2b0	6	[]
0x2b0	7	[]
0x2b6	0	[]
0x2b6	1	[]
0x2b6	2	[]
0x2b6	3	[]
0x2b6	4	[]
0x2b6	5	['0x30', '0x31']
0x2b6	6	[]
0x2b6	7	[]
0x2c0	0	[]
0x2c0	1	[]
0x2c0	2	[]
0x2c0	3	[]
0x2c0	4	[]
0x2c0	5	[]
0x2c0	6	[]
0x2c0	7	[]
0x2d4	0	[]
0x2d4	1	[]
0x2d4	2	[]
0x2d4	3	[]
0x2d4	4	[]
0x2d4	5	[]
0x2d4	6	[]
0x2d4	7	[]
0x2d7	0	[]
0x2d7	1	[]
0x2d7	2	[]
0x2d7	3	[]
0x2d7	4	[]
0x2d7	5	[]
0x2d7	6	['0xaf', '0xbf']
0x2d7	7	['0x47', '0x37']
0x2dd	0	[]
0x2dd	1	[]
0x2dd	2	[]
0x2dd	3	[]
0x2dd	4	[]
0x2dd	5	[]
0x2dd	6	[]
0x2dd	7	[]
0x2e9	0	[]
0x2e9	1	[]
0x2e9	2	[]
0x2e9	3	[]
0x2e9	4	[]
0x2e9	5	[]
0x2e9	6	[]
0x2e9	7	[]
0x2ec	0	[]
0x2ec	1	[]
0x2ec	2	[]
0x2ec	3	[]
0x2ec	4	[]
0x2ec	5	[]
0x2ec	6	[]
0x2ec	7	[]
0x31d	0	[]
0x31d	1	[]
0x31d	2	[]
0x31d	3	[]
0x31d	4	[]
0x31d	5	[]
0x31d	6	['0xb0', '0xc0']
0x31d	7	['0xbd', '0xad']
0x31e	0	[]
0x31e	1	[]
0x31e	2	[]
0x31e	3	[]
0x31e	4	[]
0x31e	5	[]
0x31e	6	[]
0x31e	7	[]
0x323	0	[]
0x323	1	[]
0x323	2	[]
0x323	3	[]
0x323	4	[]
0x323	5	[]
0x323	6	[]
0x323	7	[]
0x33f	0	[]
0x33f	1	[]
0x33f	2	[]
0x33f	3	[]
0x33f	4	[]
0x33f	5	[]
0x33f	6	[]
0x33f	7	[]
0x388	0	[]
0x388	1	[]
0x388	2	[]
0x388	3	[]
0x388	4	[]
0x388	5	[]
0x388	6	[]
0x388	7	[]
0x38a	0	[]
0x38a	1	[]
0x38a	2	[]
0x38a	3	[]
0x38a	4	[]
0x38a	5	[]
0x38a	6	[]
0x38a	7	[]
0x3a7	0	[]
0x3a7	1	[]
0x3a7	2	[]
0x3a7	3	[]
0x3a7	4	[]
0x3a7	5	[]
0x3a7	6	[]
0x3a7	7	[]
0x3b4	0	[]
0x3b4	1	[]
0x3b4	2	[]
0x3b4	3	[]
0x3b4	4	[]
0x3b4	5	[]
0x3b4	6	[]
0x3b4	7	[]
0x3c5	0	[]
0x3c5	1	[]
0x3c5	2	[]
0x3c5	3	[]
0x3c5	4	[]
0x3c5	5	[]
0x3c5	6	[]
0x3c5	7	[]
0x3cd	0	['0x62']
0x3cd	1	[]
0x3cd	2	[]
0x3cd	3	[]
0x3cd	4	[]
0x3cd	5	[]
0x3cd	6	[]
0x3cd	7	[]
0x3d8	0	[]
0x3d8	1	[]
0x3d8	2	[]
0x3d8	3	[]
0x3d8	4	[]
0x3d8	5	[]
0x3d8	6	[]
0x3d8	7	[]
0x3d9	0	[]
0x3d9	1	[]
0x3d9	2	[]
0x3d9	3	[]
0x3d9	4	[]
0x3d9	5	[]
0x3d9	6	[]
0x3d9	7	['0x8e', '0x9e']
0x3da	0	[]
0x3da	1	[]
0x3da	2	[]
0x3da	3	[]
0x3da	4	[]
0x3da	5	[]
0x3da	6	[]
0x3da	7	[]
0x3ff	0	[]
0x3ff	1	[]
0x3ff	2	[]
0x3ff	3	[]
0x3ff	4	[]
0x3ff	5	[]
0x3ff	6	[]
0x3ff	7	[]
0x404	0	[]
0x404	1	[]
0x404	2	[]
0x404	3	[]
0x404	4	[]
0x404	5	[]
0x404	6	[]
0x404	7	['0x6d']
0x407	0	[]
0x407	1	[]
0x407	2	[]
0x407	3	[]
0x407	4	[]
0x407	5	[]
0x407	6	[]
0x407	7	[]
0x409	0	[]
0x409	1	[]
0x409	2	[]
0x409	3	[]
0x409	4	[]
0x409	5	[]
0x409	6	[]
0x409	7	[]
0x41a	0	[]
0x41a	1	[]
0x41a	2	[]
0x41a	3	[]
0x41a	4	[]
0x41a	5	[]
0x41a	6	[]
0x41a	7	[]
0x41c	0	[]
0x41c	1	[]
0x41c	2	[]
0x41c	3	[]
0x41c	4	[]
0x41c	5	[]
0x41c	6	[]
0x41c	7	[]
0x41f	0	[]
0x41f	1	[]
0x41f	2	[]
0x41f	3	[]
0x41f	4	[]
0x41f	5	[]
0x41f	6	[]
0x41f	7	[]
0x421	0	[]
0x421	1	[]
0x421	2	[]
0x421	3	[]
0x421	4	[]
0x421	5	[]
0x421	6	[]
0x421	7	[]
0x426	0	[]
0x426	1	[]
0x426	2	[]
0x426	3	[]
0x426	4	[]
0x426	5	[]
0x426	6	[]
0x426	7	[]
0x427	0	[]
0x427	1	['0xa9', '0xca']
0x427	2	['0xe1', '0xcf']
0x427	3	['0x45', '0x46']
0x427	4	[]
0x427	5	['0xb6', '0xd']
0x427	6	[]
0x427	7	[]
0x42e	0	[]
0x42e	1	[]
0x42e	2	[]
0x42e	3	[]
0x42e	4	[]
0x42e	5	['0x7']
0x42e	6	[]
0x42e	7	[]
0x433	0	[]
0x433	1	[]
0x433	2	[]
0x433	3	[]
0x433	4	[]
0x433	5	[]
0x433	6	[]
0x433	7	[]
0x434	0	[]
0x434	1	[]
0x434	2	[]
0x434	3	[]
0x434	4	[]
0x434	5	[]
0x434	6	['0x62', '0x72']
0x434	7	['0x18', '0x8']
0x43e	0	[]
0x43e	1	[]
0x43e	2	[]
0x43e	3	[]
0x43e	4	[]
0x43e	5	[]
0x43e	6	[]
0x43e	7	[]
0x475	0	[]
0x475	1	[]
0x475	2	[]
0x475	3	[]
0x475	4	[]
0x475	5	[]
0x475	6	[]
0x475	7	[]
0x48e	0	[]
0x48e	1	[]
0x48e	2	[]
0x48e	3	[]
0x48e	4	[]
0x48e	5	[]
0x48e	6	[]
0x48e	7	[]
0x494	0	[]
0x494	1	[]
0x494	2	[]
0x494	3	[]
0x494	4	[]
0x494	5	[]
0x494	6	[]
0x494	7	[]
0x49a	0	[]
0x49a	1	[]
0x49a	2	[]
0x49a	3	[]
0x49a	4	[]
0x49a	5	[]
0x49a	6	[]
0x49a	7	[]
0x4a4	0	[]
0x4a4	1	[]
0x4a4	2	[]
0x4a4	3	[]
0x4a4	4	[]
0x4a4	5	[]
0x4a4	6	[]
0x4a4	7	[]
0x4a5	0	[]
0x4a5	1	[]
0x4a5	2	[]
0x4a5	3	[]
0x4a5	4	[]
0x4a5	5	[]
0x4a5	6	[]
0x4a5	7	['0x30']
0x4a6	0	[]
0x4a6	1	[]
0x4a6	2	[]
0x4a6	3	[]
0x4a6	4	[]
0x4a6	5	[]
0x4a6	6	[]
0x4a6	7	[]
0x4a9	0	[]
0x4a9	1	[]
0x4a9	2	[]
0x4a9	3	[]
0x4a9	4	[]
0x4a9	5	[]
0x4a9	6	[]
0x4a9	7	[]
0x4b9	0	[]
0x4b9	1	[]
0x4b9	2	[]
0x4b9	3	[]
0x4b9	4	[]
0x4b9	5	[]
0x4b9	6	[]
0x4b9	7	[]
0x4bf	0	['0xc9', '0xc8']
0x4bf	1	['0xd', '0xe']
0x4bf	2	[]
0x4bf	3	[]
0x4bf	4	[]
0x4bf	5	[]
0x4bf	6	[]
0x4bf	7	[]
0x4d3	0	[]
0x4d3	1	[]
0x4d3	2	[]
0x4d3	3	[]
0x4d3	4	[]
0x4d3	5	[]
0x4d3	6	[]
0x4d3	7	[]
0x4d8	0	[]
0x4d8	1	[]
0x4d8	2	[]
0x4d8	3	[]
0x4d8	4	[]
0x4d8	5	[]
0x4d8	6	[]
0x4d8	7	[]
0x4d9	0	[]
0x4d9	1	[]
0x4d9	2	[]
0x4d9	3	[]
0x4d9	4	[]
0x4d9	5	[]
0x4d9	6	[]
0x4d9	7	[]
0x4de	0	[]
0x4de	1	[]
0x4de	2	[]
0x4de	3	[]
0x4de	4	[]
0x4de	5	[]
0x4de	6	[]
0x4de	7	[]
0x4e1	0	[]
0x4e1	1	[]
0x4e1	2	[]
0x4e1	3	[]
0x4e1	4	[]
0x4e1	5	[]
0x4e1	6	[]
0x4e1	7	[]
0x4e6	0	[]
0x4e6	1	[]
0x4e6	2	[]
0x4e6	3	[]
0x4e6	4	[]
0x4e6	5	[]
0x4e6	6	[]
0x4e6	7	[]
0x4f9	0	[]
0x4f9	1	[]
0x4f9	2	[]
0x4f9	3	[]
0x4f9	4	[]
0x4f9	5	[]
0x4f9	6	[]
0x4f9	7	[]
0x4fa	0	[]
0x4fa	1	[]
0x4fa	2	[]
0x4fa	3	[]
0x4fa	4	[]
0x4fa	5	[]
0x4fa	6	[]
0x4fa	7	[]
0x4fe	0	[]
0x4fe	1	[]
0x4fe	2	[]
0x4fe	3	[]
0x4fe	4	[]
0x4fe	5	[]
0x4fe	6	[]
0x4fe	7	[]
0x510	0	[]
0x510	1	[]
0x510	2	[]
0x510	3	[]
0x510	4	[]
0x510	5	[]
0x510	6	[]
0x510	7	[]
0x511	0	[]
0x511	1	[]
0x511	2	[]
0x511	3	[]
0x511	4	[]
0x511	5	[]
0x511	6	[]
0x511	7	[]
0x55	0	[]
0x55	1	[]
0x55	2	[]
0x55	3	[]
0x55	4	[]
0x55	5	[]
0x55	6	[]
0x55	7	['0x97', '0xa7']
